poly_id,n,rmse_base,rmse_seas,mae_base,mae_seas,slope,intercept,pearson_r,r2_in,delta_rmse
P001,131,0.1779722174092209,0.16456497517903235,0.1348469846737752,0.11830741091840552,0.8678916646857663,-0.11884674572067684,0.8221878278620695,0.6759928242845477,0.013407242230188549
P002,125,0.14786722575599806,0.1379735884594746,0.11817055819036427,0.11172302643173813,0.28813509072060706,0.3998143030208341,0.2906896311536097,0.08450046166022152,0.009893637296523455
P003,132,0.16571573077076762,0.16648237273306915,0.13983963390531795,0.13092148758257416,0.7026517900039677,-0.0004015838711193775,0.682094626525746,0.46525307953529704,-0.0007666419623015286
P004,121,0.14678421138841538,0.1521890183227278,0.11080331380275985,0.10684025236414835,0.8424060934668385,-0.12015625159936723,0.7004143226268368,0.4905802233408101,-0.005404806934312417
P005,126,0.14946488566816604,0.17458508476398138,0.11399857467829864,0.13009144689443258,0.8093715540733436,-0.08464887650017539,0.7639952518458769,0.5836887448430458,-0.025120199095815338
P006,124,0.16060656157296394,0.17810903830084318,0.12252955053905222,0.12973691570091941,1.039262003825448,-0.18611327014693316,0.7879775595521218,0.6209086343577177,-0.017502476727879246
P007,126,0.2622840802545438,0.1954556966490611,0.21246430195043875,0.15774280759116602,0.29276773421929764,0.1900579688969299,0.225099703229129,0.05066987639384235,0.06682838360548271
P008,132,0.17267909889814895,0.1664280602287521,0.1356201965512817,0.1260856919629105,0.8578501286544616,-0.10471523684761389,0.831910560141705,0.692075180075286,0.006251038669396858
P009,127,0.1428946728519644,0.15811878169460947,0.10591682959849075,0.12027178396702026,0.7724216211250367,-0.10134638357148505,0.6618631925859111,0.4380628857000147,-0.015224108842645079
P010,129,0.155877509583379,0.152202348577174,0.10966580630646518,0.11228482721388118,1.0603134074964173,-0.16820245931135347,0.7663767004413625,0.5873332469793899,0.003675161006205019
P011,123,0.15808161082071928,0.15431270626380852,0.12454243538163463,0.11925085652427989,0.7916504792584922,-0.06543277563648187,0.7214957715524583,0.5205561483680776,0.003768904556910757
P012,129,0.20701774868683012,0.24009323887770834,0.16288396673794744,0.18422688193255984,0.8528387476338345,-0.09589022416739633,0.6298362366568745,0.39669368500609414,-0.033075490190878215
P013,128,0.19104927283384177,0.24505497588336486,0.13618535513149194,0.15987998437140133,1.0023716289373887,-0.27889869180094,0.7119491415567082,0.5068715801633341,-0.054005703049523096
P014,138,0.13518959764799537,0.12768275945148122,0.10627351188733396,0.09405644583906603,1.0644814117676913,-0.20607168075446927,0.7746153151923372,0.6000288865305236,0.007506838196514154
P015,131,0.13938511419118887,0.122926627476101,0.11145572638494074,0.10133342558559132,1.004932669179296,-0.12925444491203839,0.8133535937092353,0.6615440683997279,0.016458486715087872
P016,122,0.12147113532788728,0.12748848928447348,0.09406555930627361,0.10333331146071967,0.7720187271994488,-0.1089800677594935,0.7127695993273437,0.5080405017252622,-0.006017353956586202
P017,130,0.15890083744994613,0.1523851047894201,0.12319301169573725,0.11731556949830284,1.1168854605244736,-0.2768417801655967,0.7124511683773335,0.5075866673222272,0.006515732660526019
P018,138,0.11563123473150991,0.10311185582342502,0.09387440754606992,0.07418600169219072,0.8763325504757805,-0.1530089970032597,0.7208985641429899,0.5196947397834243,0.012519378908084883
P019,132,0.17459837094333777,0.22531659227053497,0.13269354363874775,0.18143669473058163,1.062458304597048,-0.16111476728169863,0.8066790088195621,0.6507310232701111,-0.050718221327197194
P020,125,0.2549612719580704,0.17338465755155977,0.19714348298479095,0.12275704165077736,0.8534435037923287,-0.04767537239625375,0.5080381454428311,0.25810275722499143,0.08157661440651062
P021,129,0.14426200246630932,0.14943235706744462,0.1092501152173332,0.11538766315682879,0.6361305812242724,0.012848713438145726,0.6533871604973465,0.4269147815027853,-0.005170354601135296
P022,130,0.17473539283341089,0.21176389545607566,0.1302050634404577,0.14024129675116623,0.9520725014807566,-0.2241601485733215,0.7868441234190064,0.6191236745590241,-0.03702850262266477
P023,127,0.24269258215903247,0.2710570412403936,0.1889580954728393,0.20147308929488375,-0.3165633640524366,0.37008241463365116,-0.21897797417105874,0.047951353172060895,-0.02836445908136112
P024,125,0.15881543002684537,0.16323072212292614,0.12871818477633173,0.12995127047848032,1.0839039445790146,-0.15354770158730158,0.7855296484901227,0.617056828657015,-0.0044152920960807696
P025,122,0.1465494486820654,0.15735654184889233,0.11105376643390187,0.11437305930381124,0.737972152752505,-0.06317589253923898,0.6583676112254404,0.43344791151069295,-0.010807093166826931
P026,131,0.14626409814316385,0.16514212638300668,0.10770478364448303,0.12277437224714752,1.0992098793009903,-0.215425250097138,0.863205818482244,0.7451242850616004,-0.01887802823984283
P027,125,0.14063220235126855,0.13661722970066228,0.10388123629833747,0.10107101006001637,0.7988242649104726,-0.12426814847612665,0.708787137054668,0.5023792056541518,0.004014972650606269
P028,128,0.17086197802832861,0.14012786196831478,0.14201336613191912,0.1107688513809143,0.9295080935322486,-0.07532627577560848,0.7096717458835756,0.5036339869054429,0.030734116060013833
P029,127,0.16671682914913769,0.18758068719558643,0.13402188978451585,0.14410244854041487,0.7615681583208264,-0.01353808941436787,0.7083188490411798,0.5017155919070216,-0.020863858046448747
P030,130,0.17621534422446442,0.2109556768520156,0.1333445827152347,0.15402590674063799,0.9728372048649641,-0.19566015473529527,0.7438392744565628,0.553296866224066,-0.03474033262755119
P031,125,0.14831374281271617,0.14845065513315814,0.11304526804178713,0.11020154907069984,0.2489174756945941,0.3986060948913524,0.15058779600880345,0.022676684306789485,-0.00013691232044196755
P032,123,0.22042819570248204,0.21392806559418864,0.17062262133884729,0.1580239607864501,0.2199031024489515,0.2582363428237735,0.14603065566066978,0.02132495239268517,0.006500130108293395
P033,123,0.23060935410544628,0.25083319107013347,0.16747636292322032,0.18883180308261796,-0.22944942493771286,0.39216906831982856,-0.11616692584603733,0.013494754660518749,-0.020223836964687186
P034,119,0.26064447202664554,0.27635992597969783,0.20078893965641947,0.20221137309282539,0.19515035212055878,0.2777838636672933,0.11076445164275601,0.012268763747720679,-0.015715453953052294
P035,132,0.09639251911040293,0.0953047711896623,0.0629899229693013,0.06211609604331872,-0.0931938340402593,0.381582991414344,-0.058390256638846005,0.00340942207035011,0.0010877479207406365
P036,133,0.20542230610660964,0.2523007170857458,0.17075128744498164,0.20958359276799784,0.8155379813040877,-0.04279995625301387,0.6788739047958151,0.46086977861271683,-0.04687841097913617
P037,135,0.20674435879562839,0.21036602275846086,0.17228272239807632,0.17245613308479482,0.6297287382702482,0.1562665431218371,0.48153577141881104,0.23187669915590936,-0.0036216639628324776
P038,123,0.14905812057133222,0.15952397865986123,0.12217620467049636,0.12249064745958234,0.7501690018491397,-0.0655355767493105,0.6896501036994426,0.47561726553265193,-0.010465858088529012
P039,125,0.12194332404925697,0.11626081463962785,0.09331470196416991,0.08483359522152839,0.8869614275029449,-0.12964356983841802,0.4871306197106637,0.2372962406596949,0.005682509409629111
P040,129,0.13064098034729807,0.1570010744456324,0.09919986982962317,0.1255041183763113,0.875162268108916,-0.13394213420698123,0.7708106977572347,0.5941491317769947,-0.02636009409833434
P041,129,0.18406889046282182,0.22043789246960072,0.15496143072707694,0.18696090999991602,1.0172016058284694,-0.07658483637028995,0.7303237290184207,0.5333727491673723,-0.036369002006778894
P042,132,0.20506627203173713,0.2709028959102616,0.1796993931513642,0.22727999287686346,1.1918433001275288,-0.1516508627049068,0.7043245983914849,0.49607313989932666,-0.06583662387852449
P043,126,0.24946793912670476,0.2706566155875942,0.2003481540221109,0.21343323657875748,0.390728640926571,0.17241657321173887,0.3101650225638427,0.09620234122202898,-0.021188676460889427
P044,121,0.14740605106010182,0.1520194574947684,0.12016891430063235,0.11748961569747361,0.28091257705752365,0.36059935089979306,0.24804976621359026,0.06152868651861687,-0.004613406434666567
P045,121,0.15361364108488032,0.16085862153716807,0.12133459265622494,0.13138355077433714,0.7914314842778952,-0.0949116215262883,0.7447803215564095,0.5546977273776683,-0.007244980452287747
P046,126,0.13353682093647756,0.14671953221478753,0.10054972460650559,0.11187702321692478,0.7342247921463763,-0.015748456409432662,0.3615446151929466,0.13071450877501567,-0.013182711278309972
P047,129,0.2563910280657834,0.24079788323084245,0.20805408679581855,0.17666524160836894,0.0817845552436498,0.32774154296338065,0.051773630892486724,0.002680508855791519,0.015593144834940953
P048,128,0.28744183212050606,0.20569139011481066,0.25460225569302397,0.14605628143041904,0.14018377474988217,0.34747812906472125,0.07708388772831815,0.005941925747312005,0.0817504420056954
P049,128,0.2342122549365195,0.28471884682473697,0.18294760799185866,0.18733632458124996,0.6740252740758979,-0.03187025750170432,0.49030512703313395,0.24039911759497756,-0.05050659188821746
P050,125,0.25861877229102426,0.29863386275066395,0.2125895278442616,0.2190292293064161,0.29956127333469784,0.21110549353541908,0.20920472902727044,0.043766618647373634,-0.04001509045963969
P051,130,0.18441920521722255,0.20207142219884094,0.1392841303744156,0.15280749152106005,0.9907726017628615,-0.13557296927557652,0.7439117410086058,0.5534046784104552,-0.017652216981618396
P052,135,0.16065257606865785,0.20390339643378902,0.11917076798655205,0.14559309738131032,1.1918181800618464,-0.2580027985958803,0.8028864442009318,0.644626642281616,-0.04325082036513117
P053,120,0.18613362552123888,0.18659098299397464,0.1527280274210245,0.15152274254843945,0.8846053800587037,-0.12832686181098252,0.7519247176868784,0.5653907810684922,-0.0004573574727357588
P054,124,0.21301726876018112,0.23277372829757215,0.16649025518019708,0.17664097279262125,1.1362538686430452,-0.25337555953512125,0.7278401322346159,0.5297512580913031,-0.019756459537391025
P055,125,0.18085309296249386,0.2146406418325065,0.14656837053654606,0.15479902682151325,0.9343708980651064,-0.09371694041776323,0.7360417378256243,0.5417574398213636,-0.033787548870012646
P056,123,0.25269543564786584,0.2659797428605278,0.21071415836960555,0.21407507356990294,0.761982227536612,0.059022958869241325,0.536383436260472,0.28770719069459183,-0.013284307212661939
P057,126,0.2688418758191116,0.2912975855651235,0.2032054440496004,0.21206339810664304,0.14766841703994488,0.262445119040744,0.10274680149346012,0.01055690521713648,-0.022455709746011854
P058,129,0.19728616067147056,0.2369717610059515,0.1452757064327479,0.1694301664346447,0.7708758081783119,-0.10721690916064568,0.6906824262039936,0.47704221386703527,-0.03968560033448093
P059,119,0.1756984682098494,0.16446304853254315,0.13883570132611542,0.12968858122929486,0.9817278924953082,-0.1546939117945856,0.7795358321472289,0.6076761136014729,0.011235419677306263
P060,124,0.1484713029822002,0.1708862165920091,0.11005439822235887,0.13076188414744103,1.1500798024797236,-0.2518546669820942,0.8446514232083447,0.713436026727883,-0.02241491360980888
P061,124,0.2688206702026551,0.23663966800191388,0.21968849648887329,0.17985317969471198,0.5774380820619871,0.09054314423514943,0.3604027744504032,0.1298901598315484,0.032181002200741216
P062,119,0.21927878190718067,0.22308712681233192,0.158176347830039,0.15913591944589545,0.7754696929429112,-0.023025027545522197,0.44184924157223165,0.19523075227795628,-0.003808344905151251
P063,129,0.14631597692197576,0.1651378450387088,0.12100529189117078,0.13284690047783207,0.8436480488829982,-0.08409910265665788,0.7034592033980512,0.494854850845421,-0.01882186811673303
P064,129,0.15174917716790395,0.1595932463444166,0.11377466489093034,0.11757039526788671,1.1377575693537016,-0.17347267186686813,0.8297261163782139,0.6884454282000736,-0.007844069176512647
P065,133,0.21083036888997866,0.21490069992627042,0.17221502713055015,0.1743608021177399,0.6174223486965473,0.2372958950000301,0.47088274955801657,0.22173056383131795,-0.004070331036291758
P066,128,0.12488558525778043,0.14505429810252432,0.100771020939245,0.11997266604179777,0.9144157255108291,-0.13136314205478572,0.7950506914686721,0.6321056020048145,-0.02016871284474389
P067,131,0.16767197567347575,0.17736329318264715,0.11810573657417586,0.11924039946939041,0.997370587831507,-0.14779624987619425,0.7928689847026864,0.6286412269034687,-0.009691317509171404
P068,132,0.19073362340967415,0.23070950758127756,0.14431703467261667,0.18117420448665472,0.8445713914149294,-0.1295671485934385,0.7154357076685938,0.5118482518072613,-0.039975884171603415
P069,127,0.15080259472996393,0.15467277781621186,0.1215063866124597,0.12083672898860617,1.2788359462879075,-0.36314708500711873,0.8301108993270944,0.689084105181637,-0.0038701830862479247
P070,124,0.16118319686379537,0.19156687920942722,0.1311935926605381,0.14620434398487378,0.8926217349274214,-0.1690866923702511,0.738624236598474,0.5455657628906783,-0.03038368234563185
P071,128,0.2279730552511154,0.271686284333225,0.1873047671166784,0.2228877832453141,0.4667405144114249,0.12280634826962321,0.4428202482142563,0.19608977222853585,-0.04371322908210962
P072,130,0.20598017868144589,0.22401651325034486,0.16905833034520343,0.17468838372960965,0.8050739975678946,-0.025690799699713225,0.5891808392121308,0.3471340612947109,-0.01803633456889897
P073,133,0.18066977267340634,0.2380339742742167,0.1454779090337773,0.17695889560849257,0.9733301869562889,-0.1025193389516351,0.7034316794214964,0.49481612761374705,-0.05736420160081035
P074,132,0.17949362380275224,0.232162392295365,0.13524941956074268,0.17210653936844175,1.1237629421143658,-0.2262003541258188,0.8100837232763368,0.6562356387172525,-0.05266876849261276
P075,126,0.1570933866435237,0.20837823294172306,0.1156310802874333,0.14398030805481524,1.0293234901576882,-0.11667241844549016,0.839723079928597,0.7051348509647698,-0.05128484629819935
P076,142,0.1530669625160408,0.1662696554776967,0.12328092415294874,0.1351798152410027,0.9647480901572272,-0.22119239175457317,0.7196660042338269,0.5179191576498825,-0.01320269296165591
P077,126,0.20596821271641816,0.22752370969629443,0.16861437624648443,0.18735620417714682,0.9499649586928988,-0.048494786109802006,0.6493543359314049,0.42166105359291606,-0.02155549697987627
P078,127,0.19558028201117583,0.17926320422577693,0.1568324287118746,0.13026331053487103,0.728540299362241,-0.011351363594895202,0.48303480852287506,0.23332262624473066,0.016317077785398898
P079,127,0.24460087952854093,0.20498056627699135,0.20979940886149875,0.15306432919514704,-0.38023751475551276,0.6225750242298622,-0.2665869456100522,0.0710685995696968,0.03962031325154958
P080,129,0.1625023836133994,0.1718211158911642,0.12861180551686205,0.1362835021112723,1.123465147813287,-0.23623715192071346,0.8058462934426671,0.6493882486552849,-0.009318732277764807
P081,127,0.23706368893551605,0.28340612880740657,0.18580413948649246,0.22375731427408005,0.1800140136937862,0.19396027632878093,0.15395982233037744,0.02370362689200145,-0.04634243987189052
P082,125,0.176651654307849,0.1767906823182292,0.14952992765484038,0.14090872919624692,1.0418727766148648,-0.14402939178240065,0.7700772374309293,0.5930189516092521,-0.00013902801038020995
P083,133,0.16611718843343423,0.16550031515844355,0.13334776806083593,0.12665817312736039,0.7859373264901468,-0.023358184397138552,0.6942440232365877,0.4819747637997239,0.0006168732749906869
P084,130,0.2327875686576005,0.30969210092858857,0.19183346830441209,0.2600419531943278,0.4402853743095042,0.20937811517767455,0.27667937837932766,0.07655147842037147,-0.07690453227098806
P085,125,0.19949620113044084,0.23608984432906713,0.15621457927733892,0.18083637792892254,0.8905381441513436,-0.10098333193517889,0.6823681388082382,0.46562627686061886,-0.03659364319862629
P086,135,0.3061795321984941,0.21773799638825336,0.2711964193984825,0.15732326642676855,0.28902186097382854,0.25646712942873384,0.18511981354537246,0.03426934536707327,0.08844153581024072
P087,132,0.24602034014805282,0.2535975037837931,0.1983104529051891,0.19191348846850803,0.8480085797668819,-0.046077924554181277,0.5959793102289798,0.35519133822101034,-0.007577163635740264
P088,124,0.16342376901504602,0.18253432508059247,0.12396854562828388,0.13571639143376987,1.1541002959278635,-0.23393054342269037,0.7947933879388065,0.631696529511247,-0.019110556065546458
P089,141,0.21171538473847437,0.21750527551126783,0.17338603387712326,0.1727111689940695,0.6277055409552256,0.2101367403558048,0.4306247907538751,0.185437710411819,-0.00578989077279346
P090,129,0.2159370283486452,0.20285087316601583,0.17621666143586634,0.14472299738494157,0.7339900007343308,0.012240981357132407,0.5315663438963736,0.2825627779633578,0.013086155182629372
P091,132,0.16917528994773048,0.16893719373363367,0.13227758992606206,0.1308370380381741,1.4386997433533386,-0.34475112695218557,0.8236112732937122,0.6783355294964892,0.0002380962140968168
P092,123,0.20813687608001058,0.22365103780926754,0.18178937029970155,0.18856655255337107,0.9308011583891663,-0.013606844362704554,0.6710950810277989,0.45036860777970844,-0.015514161729256959
P093,129,0.2560056266872611,0.26668345557665907,0.1964654837509103,0.1978654442012927,0.42039088771157557,0.13431559515684738,0.1940071411168843,0.03763877080434663,-0.010677828889397945
P094,130,0.26900421619985365,0.23474731574075877,0.23873612503740446,0.17447089725274842,0.0596335472182275,0.350358643357203,0.032826128527556835,0.0010775547141075315,0.03425690045909488
P095,128,0.15531232794851962,0.18014081146728597,0.11653842971360949,0.1299584563110418,1.0941284464287637,-0.20781986974313996,0.8182632206775107,0.6695546983135319,-0.024828483518766348
P096,137,0.2677194554015311,0.2420982831487074,0.23178518427772624,0.19016943916949622,0.5675764267433411,0.15200399240985435,0.3637028344667732,0.13227975179916518,0.025621172252823676
P097,128,0.2988354757514605,0.21184908886556905,0.27073486962854426,0.1614557896399936,0.32388858050527686,0.29024591340308953,0.19332103159988503,0.037373021258843675,0.08698638688589147
P098,127,0.15747882932351945,0.1810119041025637,0.1197589072095368,0.1347235243927377,1.2087317589607018,-0.23798152031413827,0.7906721979718572,0.625162524645648,-0.02353307477904426
P099,132,0.1979703271281208,0.23414782705703008,0.14950252058752586,0.18237636219083153,0.8481255337759597,-0.10811599257277746,0.6898609115820681,0.47590807732884177,-0.036177499928909285
P100,124,0.22980791318271412,0.3211562315776236,0.1876744653662047,0.25724715894805916,-0.0003883249856924971,0.3791130578038131,-0.00027170353969327025,7.382281397294577e-08,-0.09134831839490945
P101,122,0.20554002535877178,0.2243930458904289,0.181440387580338,0.1886423548048755,0.8886862709686221,0.02048913319458716,0.652868241403619,0.42623694063345374,-0.018853020531657133
P102,128,0.2968945162397843,0.25464999725090354,0.26198771129474596,0.18872804959664605,0.2257341224297083,0.27783651993849057,0.16049713383263003,0.025759329968489175,0.042244518988880764
P103,133,0.2597410341054823,0.2904068739764329,0.19522532805575804,0.2137637240710115,0.11914909797133906,0.1996987593708507,0.06981894986140995,0.00487468575975003,-0.030665839870950562
P104,127,0.1754577471843541,0.21045928394355212,0.13417323811761453,0.1612901890096237,1.330671688629432,-0.2634790276183115,0.7744135353203185,0.5997163236873151,-0.03500153675919801
P105,133,0.274811038124142,0.31140359802612916,0.22371736608990606,0.26281480539239926,0.16248664567157312,0.28289158346286214,0.0767570963064109,0.005891651833391687,-0.036592559901987176
P106,130,0.2576689711720001,0.2146732449767417,0.23026888626579514,0.1672211991619371,0.10206295389869292,0.3875563207243882,0.06452405923004423,0.004163354219522186,0.042995726195258405
P107,137,0.18540877123924282,0.22122338896553456,0.15003571514651992,0.17336362816379877,1.1289308172623618,-0.1890348459259548,0.7340627799651905,0.5388481649302237,-0.03581461772629174
P108,138,0.1496897117945279,0.16852559559109986,0.11173590261504751,0.12987594205877145,0.801464218063398,-0.06471119569102099,0.7358286329783984,0.5414437771108588,-0.018835883796571973
P109,139,0.21308514870489653,0.22679627081928963,0.17597542625158058,0.178862057918807,0.7369758785903338,0.15893147034084543,0.47085921428416805,0.22170839967630418,-0.013711122114393098
P110,137,0.19022057736717427,0.20648026515369172,0.14514987807735752,0.16225506170834875,0.7589574313621453,0.0025549092059143517,0.6773494136046867,0.4588022281106132,-0.016259687786517457
P111,128,0.1717268988640945,0.19584919909719564,0.1258273857141153,0.14337165818930064,0.9914132958611863,-0.1739030689047233,0.7207417020992283,0.5194686011448919,-0.024122300233101135
P112,128,0.28313758695182084,0.22777069708869488,0.23880683763229177,0.17185829591225638,0.20163655363803837,0.2523992144723415,0.14448403252563827,0.020875635654869718,0.05536688986312596
P113,130,0.15795109755936568,0.17923590404738726,0.12917566011903098,0.13556614067250988,1.0306182308930636,-0.14293366451523687,0.756576549287668,0.5724080749320353,-0.021284806488021585
P114,119,0.17836527710697203,0.16393133410637017,0.1306182237390595,0.11653370847877874,1.3054813908998348,-0.4098203254289654,0.7176796613090144,0.5150640962566214,0.014433943000601857
P115,139,0.15774181609005913,0.19267797047142599,0.12046408322020208,0.1463522300726027,0.7400852008026398,-0.04402917926277903,0.749433274579049,0.5616502330462767,-0.03493615438136685
P116,131,0.2939896272043385,0.35030712227634186,0.23957501525414704,0.2727306168949245,0.5814168530350635,0.10625354984687449,0.4080747182785128,0.16652497569808777,-0.05631749507200334
P117,128,0.214181595993283,0.24150415002053832,0.17018840143142802,0.18105961639760204,1.0291654260003837,-0.23217049561332095,0.7059863910309319,0.49841678432088043,-0.027322554027255308
P118,130,0.04710020739830505,0.04781609781943031,0.030468109488340864,0.030750184560138717,-0.0973446486889553,0.15231464408585352,-0.06930042234039203,0.004802548536556817,-0.0007158904211252634
P119,133,0.26338876095685304,0.23453574082120693,0.21867078054168068,0.17574936415656844,-0.05263374773892681,0.3549243761965958,-0.036761647028338285,0.001351418692236095,0.028853020135646112
P120,127,0.1817229573890665,0.2115557947459052,0.14256245004890056,0.15916484147361915,1.0347248703478027,-0.15326925035999414,0.6952496434452916,0.48337206671080535,-0.0298328373568387
P121,125,0.2090160020069942,0.16108719279062725,0.18007962982470643,0.11997431107556347,0.9479582593778577,-0.1861715504459446,0.6445449727443949,0.4154382218900725,0.04792880921636694
P122,125,0.22248854611618227,0.20107143902674388,0.1887508438120468,0.16200445874571456,0.801948645325965,-0.030197210636400375,0.5740840486344179,0.32957249489648477,0.021417107089438392
P123,133,0.21835512492429235,0.2517339620903223,0.18087948180093427,0.20580667707382064,1.159205756723208,-0.2198814423030692,0.6539915124337876,0.4277048983354331,-0.033378837166029934
P124,123,0.06645787427668418,0.06018246800702032,0.047673269796715184,0.04358195476817105,-0.09066933669155253,0.21676056151986717,-0.10586939743412077,0.011208329313063703,0.006275406269663858
P125,122,0.14924197880338588,0.1552521026366429,0.11122181858567728,0.1183306580789073,1.1135079227812024,-0.26958434654127467,0.6890835464957757,0.4748361340511966,-0.006010123833257025
P126,146,0.19248062481653774,0.22910380636437302,0.15889545220676557,0.19303540394554938,0.7699375702202017,-0.09958339234909058,0.6707238468213093,0.44987047869477526,-0.03662318154783528
P127,126,0.1669766765659358,0.152232176768808,0.1319636455412905,0.11598710612164352,1.0242836171224006,-0.17214984180527895,0.7890123001874388,0.6225404098470724,0.014744499797127802
P128,127,0.2763797563655702,0.2974968809561596,0.22964763633545457,0.23144710672609523,0.28169850043858713,0.2115555787739194,0.14093042861739336,0.019861385710282287,-0.021117124590589398
P129,128,0.16305737181918536,0.18096384393594633,0.1351427411915186,0.1434757221239572,0.8488251249658424,-0.10964289254534017,0.6494299474094949,0.4217592565923003,-0.01790647211676097
P130,128,0.1560791042247161,0.14407174126375102,0.12359374924043645,0.11263064309529466,1.0318962193600345,-0.17866505776195368,0.8096150826215449,0.6554765820082914,0.012007362960965079
P131,134,0.16399812809139946,0.13317109682737877,0.13228590627860873,0.08647461678288734,0.7144173159439754,-0.012061815563727527,0.6741089045565593,0.4544228152024443,0.0308270312640207
P132,133,0.22897099241823937,0.26692478369891287,0.19867239710127696,0.2263257657197596,0.8219194136393364,0.020786544551843027,0.5918700366107261,0.35031014023758245,-0.0379537912806735
P133,132,0.18973572193945684,0.21322023631044726,0.16117974409294683,0.17661479343597497,1.0507807273691883,-0.0909497745442459,0.7205955522629721,0.5192579499411774,-0.023484514370990417
P134,130,0.17838652697904725,0.1717743770027951,0.14100263877027738,0.1311839968351526,0.8755359472728665,-0.11734572905837778,0.7476001791954936,0.5589060279331343,0.006612149976252146
P135,127,0.15673484345875321,0.16359736729064353,0.12348382827940725,0.1267450510938191,0.9865223069359976,-0.18169272842188697,0.8211198859409193,0.6742378670876285,-0.006862523831890316
P136,128,0.26662492983047875,0.2558144867904962,0.20723091912017585,0.18995499616694017,-0.0957558518114316,0.3522714779611797,-0.051819792239865645,0.002685290867782908,0.010810443039982576
P137,126,0.14026896050582804,0.12488607596515687,0.10306787004977842,0.09329629287116174,0.22800362820406336,0.4891945653010944,0.13247976207940337,0.017550887360615386,0.015382884540671174
P138,129,0.17271169413535464,0.1631695171613074,0.13275693340116523,0.11851996647091999,1.0816263839570324,-0.25431727018887934,0.7748659053307296,0.6004171712440112,0.009542176974047245
P139,132,0.21502471334758552,0.21341606983042305,0.18907760186440145,0.17668712949475834,0.9140449614399323,0.01630444555797339,0.6680792123495297,0.44632983397356796,0.0016086435171624724
P140,128,0.1667650042126834,0.17992729370248273,0.13349244302213367,0.14187184864557076,0.7820456471971402,-0.06713993210715452,0.7616632144233769,0.5801308522057504,-0.013162289489799334
P141,125,0.21509238018727697,0.2540652509187672,0.18816793553253966,0.22503406973998233,0.8659370547984535,0.03653729298659733,0.5472635388842276,0.2994973809920879,-0.03897287073149022
P142,132,0.14592495146364934,0.1645865081582626,0.11418098292136583,0.12714874968681655,0.8460243247768039,-0.10617382319480527,0.8042594331393015,0.6468332357935501,-0.01866155669461325
P143,127,0.22427053787051482,0.23832065092622767,0.194412372821524,0.19491889235602314,1.015991587423735,-0.0967148402114284,0.6507477960679201,0.42347269408725485,-0.014050113055712854
P144,124,0.18030074138711943,0.22470021845472624,0.1308156952208759,0.15891668450568405,0.894773315295005,-0.1650321355341287,0.7495522384123465,0.5618285581089588,-0.0443994770676068
P145,127,0.15151971432396924,0.20881864972597738,0.10830794263219298,0.13823312359976583,0.985626843108507,-0.18738049258509765,0.7274597459304304,0.5291976819491666,-0.057298935402008144
P146,125,0.26746378361043605,0.26526310661405905,0.22440325070573655,0.18840767571906952,-0.3759953828301067,0.5278179340719273,-0.2422571823410642,0.05868854239583132,0.0022006769963769934
P147,125,0.232038157841718,0.2513341441224889,0.208223048667549,0.2122958381737592,0.9558451329457622,-0.04192780174773865,0.6137515181626036,0.3766909260469007,-0.019295986280770894
P148,129,0.1846027974002333,0.1921915492179084,0.13817119359455524,0.1425472440997665,0.8835115965488819,-0.08501195877288063,0.8171596748731528,0.6677499342387969,-0.007588751817675099
P149,132,0.1956379885560279,0.21546652875933733,0.15817387736560695,0.1654022871187266,0.558772294542733,0.2659682304639865,0.41081100770268575,0.16876568404969627,-0.01982854020330943
P150,127,0.2575977368267435,0.25680975836998376,0.2103706969823316,0.189873926050981,-0.06621102592508313,0.3897043253108688,-0.05008757111877533,0.0025087647805781543,0.0007879784567597081
P151,127,0.17391128581733817,0.20751688743565083,0.11236724646649751,0.12992055311578424,0.7764149546746745,-0.09370036979912637,0.7061962753734835,0.4987131793513806,-0.033605601618312664
P152,132,0.19913657421445466,0.218497044259409,0.1638617739004608,0.17407871609716394,0.7781443190512275,0.07986522668602591,0.498271082696439,0.24827407185148176,-0.019360470044954337
P153,131,0.16408058627706112,0.18117214794896078,0.12324988672234394,0.1416428674742154,1.1362863557176173,-0.2148005815128054,0.7991232738489707,0.6385980068070969,-0.017091561671899652
P154,129,0.2799284880540673,0.2605679971847377,0.2415148740019841,0.2058064560024889,-0.22111857686307393,0.5157464686838162,-0.13171378085805382,0.0173485200679232,0.01936049086932956
